eps,eps_pixel,sample_index,label,original_prediction,hira_ranpac_prediction,original_clean_margin,hira_ranpac_clean_mixed_margin,original_clean_toplogit_norm_margin,hira_ranpac_clean_mixed_toplogit_norm_margin,original_clean_prob_margin,hira_ranpac_clean_mixed_prob_margin,original_adv_margin,hira_ranpac_adv_mixed_margin,hira_baseline_branch_adv_margin,ranpac_branch_adv_margin,margin_delta_hira_ranpac_minus_original,original_adv_toplogit_norm_margin,hira_ranpac_adv_mixed_toplogit_norm_margin,hira_baseline_branch_adv_toplogit_norm_margin,ranpac_branch_adv_toplogit_norm_margin,toplogit_norm_margin_delta_hira_ranpac_minus_original,original_adv_prob_margin,hira_ranpac_adv_mixed_prob_margin,hira_baseline_branch_adv_prob_margin,ranpac_branch_adv_prob_margin,prob_margin_delta_hira_ranpac_minus_original,original_feature_drift,hira_penultimate_drift,ranpac_projected_drift,original_absolute_feature_drift,hira_penultimate_absolute_drift,ranpac_projected_absolute_drift,original_input_l2_perturbation,hira_ranpac_input_l2_perturbation,original_lipschitz_sensitivity,hira_penultimate_lipschitz_sensitivity,ranpac_projected_lipschitz_sensitivity,original_centroid_ratio,ranpac_projected_centroid_ratio,original_knn_true_label_frac_at_10,ranpac_projected_knn_true_label_frac_at_10,is_rescue_case
0.0,0.0,2067,41,44,41,-0.009610652923583984,0.023354291915893555,-0.0012665973044931889,0.005819006357342005,-0.0030637383460998535,0.0010420158505439758,-0.009610652923583984,0.023354291915893555,0.009630203247070312,0.037078678607940674,0.03296494483947754,-0.0012665973044931889,0.005819006357342005,0.0012403889559209347,0.1409604400396347,0.007085603661835194,-0.0030637383460998535,0.0010420158505439758,0.003237396478652954,4.728639032691717e-05,0.004105754196643829,0.0,0.0,0.0,0.0,0.0,0.0,0.0,0.0,0.0,0.0,0.0,0.7613770961761475,0.8481996059417725,1.0,1.0,1
0.0,0.0,21511,430,541,430,-0.04277467727661133,0.0007116794586181641,-0.006396061275154352,0.00019337037520017475,-0.011704325675964355,2.468004822731018e-05,-0.04277467727661133,0.0007116794586181641,-0.07956266403198242,0.08098605275154114,0.04348635673522949,-0.006396061275154352,0.00019337037520017475,-0.011158344335854053,0.26122403144836426,0.006589431781321764,-0.011704325675964355,2.468004822731018e-05,-0.02535116672515869,0.00010591873433440924,0.011729005724191666,0.0,0.0,0.0,0.0,0.0,0.0,0.0,0.0,0.0,0.0,0.0,0.8418816328048706,0.9155440330505371,1.0,1.0,1
0.0,0.0,24416,488,600,488,-0.004048824310302734,0.14763951301574707,-0.0005879992968402803,0.04196109622716904,-0.0010916590690612793,0.004089785739779472,-0.004048824310302734,0.14763951301574707,0.23895645141601562,0.05632254481315613,0.1516883373260498,-0.0005879992968402803,0.04196109622716904,0.035803597420454025,0.15520945191383362,0.042549096047878265,-0.0010916590690612793,0.004089785739779472,0.05656573176383972,7.863168139010668e-05,0.005181444808840752,0.0,0.0,0.0,0.0,0.0,0.0,0.0,0.0,0.0,0.0,0.0,0.729499876499176,0.8188623189926147,1.0,1.0,1
0.0,0.0,29857,597,464,597,-0.0488886833190918,0.11519670486450195,-0.006827703211456537,0.029774747788906097,-0.012772917747497559,0.004182837903499603,-0.0488886833190918,0.11519670486450195,0.10415124893188477,0.12624230980873108,0.16408538818359375,-0.006827703211456537,0.029774747788906097,0.014050808735191822,0.3879534602165222,0.0366024523973465,-0.012772917747497559,0.004182837903499603,0.029092639684677124,0.0001639563124626875,0.016955755650997162,0.0,0.0,0.0,0.0,0.0,0.0,0.0,0.0,0.0,0.0,0.0,0.8103410005569458,0.8988252282142639,1.0,1.0,1
0.0,0.0,45671,913,780,913,-0.051924705505371094,0.0677490234375,-0.006451232824474573,0.015911122784018517,-0.01576364040374756,0.0037053152918815613,-0.051924705505371094,0.0677490234375,0.12715911865234375,-0.00812181830406189,0.1196737289428711,-0.006451232824474573,0.015911122784018517,0.015494091436266899,-0.025611858814954758,0.022362355142831802,-0.01576364040374756,0.0037053152918815613,0.04042556881904602,-1.1093216016888618e-05,0.01946895569562912,0.0,0.0,0.0,0.0,0.0,0.0,0.0,0.0,0.0,0.0,0.0,0.698756992816925,0.7942637801170349,1.0,1.0,1
0.00392156862745098,1.0,13255,265,219,265,0.4491128921508789,0.34381103515625,0.06347887217998505,0.0913918986916542,0.09459622204303741,0.010632641613483429,-0.19467782974243164,0.02620863914489746,0.08045339584350586,-0.0564703494310379,0.2208864688873291,-0.02822667546570301,0.007347630336880684,0.011583817191421986,-0.23044779896736145,0.035574305802583694,-0.03977908194065094,0.0007804892957210541,0.01684674620628357,-7.006723899394274e-05,0.040559571236371994,0.06475667655467987,0.059282369911670685,0.059060852974653244,0.6087706089019775,0.5640429854393005,40.2248420715332,1.507819652557373,1.5074838399887085,0.40374231338500977,0.37416186928749084,26.68343162536621,0.6746191382408142,0.7620411515235901,1.0,1.0,1
0.00392156862745098,1.0,20729,414,464,414,0.48149871826171875,0.7337133884429932,0.06970630586147308,0.1874435842037201,0.11118035018444061,0.021815519779920578,-0.034487247467041016,0.48285508155822754,0.9091529846191406,0.056557103991508484,0.5173423290252686,-0.005280714016407728,0.13072150945663452,0.126644566655159,0.2709166407585144,0.13600222766399384,-0.007475525140762329,0.013047900050878525,0.21075758337974548,6.767199374735355e-05,0.020523425191640854,0.04542681202292442,0.04496924579143524,0.04595397785305977,0.6046255826950073,0.6223924160003662,44.922786712646484,1.5060902833938599,1.5073888301849365,0.40145373344421387,0.4128943979740143,29.801725387573242,0.9198228716850281,0.9281482100486755,0.9,0.9,1
0.00392156862745098,1.0,24416,488,600,488,-0.004048824310302734,0.14763951301574707,-0.0005879992968402803,0.04196109622716904,-0.0010916590690612793,0.004089785739779472,-0.12072086334228516,0.11068177223205566,0.1707897186279297,0.0505734384059906,0.23140263557434082,-0.017484037205576897,0.03193442150950432,0.025968726724386215,0.14243215322494507,0.049418456852436066,-0.03170888125896454,0.002964172512292862,0.0388716459274292,7.025583181530237e-05,0.0346730537712574,0.018665878102183342,0.01961400732398033,0.020446643233299255,0.19960139691829681,0.20072387158870697,14.42431354522705,1.5082987546920776,1.5131969451904297,0.13233545422554016,0.13264887034893036,9.532343864440918,0.7324700951576233,0.8208615183830261,1.0,1.0,1
0.00392156862745098,1.0,29853,597,464,597,0.2968568801879883,0.2646331787109375,0.0432453416287899,0.07103020697832108,0.08381767570972443,0.008686359971761703,-0.11688232421875,0.04573464393615723,0.03481483459472656,0.05665430426597595,0.16261696815490723,-0.017323842272162437,0.012749865651130676,0.005104154348373413,0.1603776067495346,0.030073707923293114,-0.032609254121780396,0.0014563016593456268,0.010125279426574707,7.831596303731203e-05,0.03406555578112602,0.03994525596499443,0.03850044310092926,0.040120042860507965,0.36609989404678345,0.36476266384124756,26.518510818481445,1.5106972455978394,1.5080386400222778,0.2423383593559265,0.24187885224819183,17.584768295288086,0.7518507838249207,0.8493649959564209,1.0,1.0,1
0.00392156862745098,1.0,40118,802,450,802,0.2384014129638672,0.13216161727905273,0.029630327597260475,0.03138843923807144,0.0897214412689209,0.0069547295570373535,-0.04473400115966797,0.009374618530273438,-0.07629632949829102,0.09504547715187073,0.054108619689941406,-0.00568859837949276,0.0023005097173154354,-0.00965055450797081,0.2966182827949524,0.007989108562469482,-0.016414493322372437,0.00045868009328842163,-0.0279272198677063,0.00012475240509957075,0.016873173415660858,0.04577931761741638,0.058881644159555435,0.05948344245553017,0.45676401257514954,0.6118661165237427,43.325340270996094,1.4936585426330566,1.5003764629364014,0.3058021664619446,0.407808393239975,28.876312255859375,0.7177588939666748,0.8514124155044556,1.0,1.0,1
0.00392156862745098,1.0,42471,849,505,849,0.19253206253051758,0.13965129852294922,0.02553408592939377,0.036123570054769516,0.06101524829864502,0.005384571850299835,-0.08351278305053711,0.030634403228759766,-0.05823564529418945,0.11950451135635376,0.11414718627929688,-0.01124478317797184,0.008200414478778839,-0.008149162866175175,0.31165429949760437,0.01944519765675068,-0.025737732648849487,0.0011025778949260712,-0.01663893461227417,0.00016507820691913366,0.02684031054377556,0.04150274023413658,0.038951873779296875,0.039751086384058,0.38828518986701965,0.3590289056301117,25.969451904296875,1.509642243385315,1.5094873905181885,0.25720345973968506,0.23784823715686798,17.204153060913086,0.5665370225906372,0.6847787499427795,1.0,1.0,1
0.00392156862745098,1.0,43218,864,817,864,0.3879847526550293,0.4864323139190674,0.06169813871383667,0.14385086297988892,0.0535878986120224,0.009563466534018517,-0.25705909729003906,0.16826772689819336,0.24767351150512695,0.05088983476161957,0.4253268241882324,-0.0424368754029274,0.053760137408971786,0.04077376052737236,0.2741788625717163,0.09619700908660889,-0.031383782625198364,0.003006448969244957,0.03062538057565689,5.966285243630409e-05,0.03439023345708847,0.05209146440029144,0.04955308884382248,0.0495448000729084,0.6339892745018005,0.6043829917907715,42.564674377441406,1.5044482946395874,1.50472891330719,0.42140981554985046,0.40165573358535767,28.28727149963379,0.841895341873169,0.8591763973236084,1.0,1.0,1
0.00392156862745098,1.0,45585,911,885,911,0.6127057075500488,0.6003696918487549,0.11251084506511688,0.1989995539188385,0.04899832233786583,0.008102302439510822,-0.15569114685058594,0.2331697940826416,0.4444737434387207,0.004009276628494263,0.38886094093322754,-0.030790604650974274,0.08554220199584961,0.08371444791555405,0.028200507164001465,0.11633280664682388,-0.010536491870880127,0.0027918918058276176,0.0340411551296711,4.60620503872633e-06,0.013328383676707745,0.07530280202627182,0.07309187203645706,0.07345512509346008,0.8913339376449585,0.84294593334198,59.845340728759766,1.5139647722244263,1.5140540599822998,0.5887415409088135,0.556747555732727,39.526554107666016,0.8566389679908752,0.9241796731948853,1.0,1.0,1
0.00392156862745098,1.0,47023,940,942,940,0.1950697898864746,0.08460044860839844,0.026163199916481972,0.021583400666713715,0.06911534070968628,0.0036027617752552032,-0.014813423156738281,0.018683433532714844,0.04346799850463867,-0.006100952625274658,0.033496856689453125,-0.002010798081755638,0.004854734521359205,0.005924689583480358,-0.0166537556797266,0.006865532603114843,-0.005269736051559448,0.0007684342563152313,0.015180975198745728,-8.763163350522518e-06,0.0060381703078746796,0.025736037641763687,0.02275078184902668,0.022890541702508926,0.21045079827308655,0.1875619739294052,13.294685363769531,1.5095710754394531,1.5094733238220215,0.13941098749637604,0.12425656616687775,8.807498931884766,0.6824735403060913,0.7525397539138794,1.0,1.0,1
0.00784313725490196,2.0,2084,41,42,41,1.1361899375915527,0.6217045783996582,0.15166936814785004,0.15801897644996643,0.2698412835597992,0.0205019973218441,-0.012859344482421875,0.018765687942504883,0.006837368011474609,0.030694186687469482,0.03162503242492676,-0.001874821726232767,0.00530291348695755,0.0010077131446450949,0.10494936257600784,0.007177735213190317,-0.002899646759033203,0.0005566198378801346,0.0014928430318832397,4.0451530367136e-05,0.0034562665969133377,0.14146862924098969,0.1372632086277008,0.1372675895690918,1.016077995300293,0.9886830449104309,69.70201873779297,2.968776226043701,2.966529130935669,0.3422548174858093,0.33327940106391907,23.496150970458984,0.5818946361541748,0.7009400129318237,1.0,1.0,1
0.00784313725490196,2.0,13297,265,266,265,0.16528654098510742,0.10440254211425781,0.020986851304769516,0.025578781962394714,0.060832828283309937,0.00503111258149147,-0.11656713485717773,0.006311655044555664,0.026863574981689453,-0.014240473508834839,0.1228787899017334,-0.01513990480452776,0.0016176579520106316,0.0035880582872778177,-0.043055210262537,0.01675756275653839,-0.04058575630187988,0.0002703629434108734,0.008923709392547607,-1.965835690498352e-05,0.040856119245290756,0.08102903515100479,0.06868104636669159,0.07018861919641495,0.7861097455024719,0.6592190265655518,47.27936935424805,3.0006513595581055,3.000271797180176,0.26197969913482666,0.2197197675704956,15.75836181640625,0.5558054447174072,0.6753543615341187,1.0,1.0,1
0.00784313725490196,2.0,13254,265,153,265,0.24739789962768555,0.20140981674194336,0.03334096819162369,0.05242696776986122,0.0635819286108017,0.007242102175951004,-0.031743526458740234,0.024138212203979492,0.1523118019104004,-0.10403533279895782,0.05588173866271973,-0.004528754856437445,0.00673788832500577,0.022016307339072227,-0.29655006527900696,0.011266643181443214,-0.006935283541679382,0.000741397961974144,0.03176794946193695,-0.00014015519991517067,0.007676681503653526,0.07292717695236206,0.07414547353982925,0.07389431446790695,0.7457942962646484,0.7519040703773499,53.22362518310547,2.948866605758667,2.956026315689087,0.2529087960720062,0.25436311960220337,18.005125045776367,0.5724875926971436,0.6840243339538574,1.0,1.0,1
0.00784313725490196,2.0,20729,414,464,414,0.48149871826171875,0.7337133884429932,0.06970630586147308,0.1874435842037201,0.11118035018444061,0.021815519779920578,-0.5329914093017578,0.24415302276611328,0.4555373191833496,0.032768577337265015,0.7771444320678711,-0.08054140955209732,0.07033266872167587,0.06745977699756622,0.17239265143871307,0.1508740782737732,-0.10675622522830963,0.00597359798848629,0.09770195186138153,3.893987741321325e-05,0.11272982507944107,0.0913335531949997,0.09089230000972748,0.09242966026067734,1.2156388759613037,1.2579859495162964,90.35557556152344,2.9863784313201904,2.9894227981567383,0.40706121921539307,0.42081230878829956,30.22509002685547,0.9269509315490723,0.9321582317352295,0.9,0.9,1
0.00784313725490196,2.0,20714,414,559,414,0.8811745643615723,0.64028000831604,0.13217681646347046,0.17808924615383148,0.14288215339183807,0.014654304832220078,-0.037920475006103516,0.15044760704040527,0.2365131378173828,0.06438219547271729,0.1883680820465088,-0.006071296986192465,0.045144956558942795,0.03679293021559715,0.2718058228492737,0.0512162521481514,-0.006098702549934387,0.00333261676132679,0.03819550573825836,7.890944834798574e-05,0.009431319311261177,0.08400973677635193,0.08134429156780243,0.08011886477470398,0.9686834216117859,0.9614538550376892,69.01522064208984,2.9172823429107666,2.9240853786468506,0.3320499360561371,0.32880499958992004,23.602327346801758,0.7673712372779846,0.846844494342804,1.0,1.0,1
0.00784313725490196,2.0,24416,488,600,488,-0.004048824310302734,0.14763951301574707,-0.0005879992968402803,0.04196109622716904,-0.0010916590690612793,0.004089785739779472,-0.2342977523803711,0.07341408729553223,0.10186767578125,0.04496031999588013,0.3077118396759033,-0.03387308865785599,0.021515466272830963,0.015727132558822632,0.12952573597431183,0.05538855493068695,-0.05968774855136871,0.0018988288938999176,0.02222643792629242,6.213621236383915e-05,0.06158657744526863,0.03804587200284004,0.039872586727142334,0.04152350872755051,0.4068390727043152,0.40804407000541687,29.293222427368164,2.992210865020752,3.012192487716675,0.13596604764461517,0.135464146733284,9.724884033203125,0.7357075214385986,0.8229961395263672,1.0,1.0,1
0.00784313725490196,2.0,42456,849,505,849,0.47051143646240234,0.31161069869995117,0.06605462729930878,0.08201376348733902,0.13937203586101532,0.010789243504405022,-0.10876083374023438,0.1201467514038086,0.1253509521484375,0.11494272947311401,0.22890758514404297,-0.016038406640291214,0.03459502011537552,0.018855364993214607,0.38587820529937744,0.05063342675566673,-0.030168861150741577,0.003340834751725197,0.03288200497627258,0.0001461008796468377,0.033509694039821625,0.15115417540073395,0.25082725286483765,0.2505047619342804,1.031031847000122,1.722581386566162,120.61504364013672,2.9745113849639893,2.9436306953430176,0.3466222584247589,0.5851893424987793,40.97492218017578,0.5665977597236633,0.6995450258255005,1.0,1.0,1
0.00784313725490196,2.0,45553,911,588,911,0.7996602058410645,0.5801253318786621,0.11646904051303864,0.1543036848306656,0.14570732414722443,0.015876518562436104,-0.31996870040893555,0.009520530700683594,0.059645652770996094,-0.04060456156730652,0.32948923110961914,-0.04975876584649086,0.0028836072888225317,0.009368357248604298,-0.146534264087677,0.052642371505498886,-0.04756367206573486,0.00021469779312610626,0.009375661611557007,-5.242181941866875e-05,0.04777836799621582,0.11794298887252808,0.12771113216876984,0.12672187387943268,1.5216598510742188,1.609391450881958,113.88304138183594,2.988720417022705,2.9425065517425537,0.5091342329978943,0.5469457507133484,38.70273208618164,0.8374267816543579,0.8573076128959656,1.0,1.0,1
0.00784313725490196,2.0,49404,988,994,988,1.535874366760254,0.9208877086639404,0.19365473091602325,0.220039963722229,0.415800541639328,0.03256097435951233,-0.31142663955688477,0.16743922233581543,0.37042951583862305,-0.03555120527744293,0.4788658618927002,-0.04386803135275841,0.04740498587489128,0.05375365540385246,-0.17050038278102875,0.09127301722764969,-0.08005014061927795,0.0044062789529562,0.08184435963630676,-4.296586848795414e-05,0.0844564214348793,0.1067567989230156,0.1119922548532486,0.10902145504951477,1.3437581062316895,1.4434174299240112,100.34393310546875,2.963146924972534,2.967649221420288,0.4534901976585388,0.4863841235637665,33.812599182128906,0.8879544138908386,0.9557177424430847,1.0,1.0,1
0.01568627450980392,4.0,2065,41,42,41,2.588927745819092,1.4915060997009277,0.3128044009208679,0.3346590995788574,0.6080999374389648,0.05574873089790344,-0.0113677978515625,0.5302975177764893,0.9800577163696289,0.07483869045972824,0.5416653156280518,-0.0015834150835871696,0.15365630388259888,0.14541834592819214,0.459666907787323,0.15523971617221832,-0.0031440258026123047,0.01055616233497858,0.1443571001291275,8.474593050777912e-05,0.013700188137590885,0.3788904547691345,0.6052285432815552,0.586008608341217,3.1573784351348877,5.247070789337158,354.390625,5.842070579528809,5.482226848602295,0.5404554009437561,0.9571057558059692,64.6435546875,0.7066589593887329,0.9162762761116028,1.0,0.9,1
0.01568627450980392,4.0,13269,265,153,265,1.204939842224121,0.6326165199279785,0.14546304941177368,0.14532995223999023,0.34554770588874817,0.029608074575662613,-0.23122739791870117,0.2107069492340088,0.45740318298339844,-0.03598921000957489,0.44193434715270996,-0.02954000234603882,0.05407941713929176,0.060556937009096146,-0.13076741993427277,0.08361941576004028,-0.0729389488697052,0.007742632180452347,0.11871205270290375,-4.648801404982805e-05,0.08068157732486725,0.196028470993042,0.17196235060691833,0.1694520264863968,2.0590641498565674,1.7958954572677612,125.83192443847656,5.836729526519775,5.888192653656006,0.35277703404426575,0.304999440908432,21.37021255493164,0.6393300294876099,0.7376934885978699,1.0,1.0,1
0.01568627450980392,4.0,15511,310,303,310,2.7147116661071777,1.3572709560394287,0.314736932516098,0.29671356081962585,0.6811470985412598,0.059706538915634155,-0.17154264450073242,0.18424749374389648,0.3327975273132324,0.035697758197784424,0.3557901382446289,-0.024774322286248207,0.05526077374815941,0.05152864381670952,0.17015407979488373,0.08003509789705276,-0.04031769931316376,0.004013165831565857,0.05310918390750885,4.3201493099331856e-05,0.044330865144729614,0.28139856457710266,0.3910861909389496,0.38585206866264343,2.6932945251464844,3.8247570991516113,262.2252502441406,5.860145568847656,5.79372501373291,0.4595951437950134,0.6601551175117493,45.260215759277344,0.787636399269104,0.9042437672615051,1.0,1.0,1
0.01568627450980392,4.0,19728,394,391,394,3.043117046356201,1.80515718460083,0.3484238386154175,0.3892521560192108,0.7296267151832581,0.07178148627281189,-0.18718814849853516,0.028680086135864258,0.06963300704956055,-0.012272834777832031,0.21586823463439941,-0.02529306896030903,0.007731069810688496,0.009680002927780151,-0.051519282162189484,0.0330241397023201,-0.05871126055717468,0.0009823478758335114,0.020609259605407715,-1.5461351722478867e-05,0.059693608433008194,0.30503928661346436,0.30195412039756775,0.2900211811065674,3.1784627437591553,3.3131346702575684,224.4290008544922,5.760538101196289,5.797396659851074,0.5517649054527283,0.5714866518974304,38.712032318115234,0.8260058760643005,0.9157211184501648,1.0,1.0,1
0.01568627450980392,4.0,20732,414,615,414,1.3352575302124023,0.8418552875518799,0.18720071017742157,0.21593736112117767,0.24099057912826538,0.022732211276888847,-0.6099753379821777,0.08134675025939941,0.12197589874267578,0.006526932120323181,0.6913220882415771,-0.10234257578849792,0.027565086260437965,0.02113182283937931,0.05020114779472351,0.12990766763687134,-0.06645260006189346,0.0012587159872055054,0.013268865644931793,7.39924143999815e-06,0.06771131604909897,0.15048743784427643,0.14955054223537445,0.1504414677619934,2.08516526222229,2.119093894958496,146.68634033203125,5.707610607147217,5.795166969299316,0.36533066630363464,0.3656657040119171,25.311840057373047,0.9647060036659241,0.9464264512062073,0.4,0.5,1
0.01568627450980392,4.0,21504,430,890,430,1.729029655456543,1.0167896747589111,0.2072022259235382,0.2284412980079651,0.551794707775116,0.047196388244628906,-0.4693641662597656,0.2472071647644043,0.4672980308532715,0.027116313576698303,0.7165713310241699,-0.059385113418102264,0.0662350133061409,0.06470546126365662,0.11176411807537079,0.12562012672424316,-0.17310985922813416,0.00815591774880886,0.14197391271591187,3.406195901334286e-05,0.18126577138900757,0.2240757793188095,0.34187567234039307,0.3303782045841217,1.8954994678497314,2.9697890281677246,205.36167907714844,5.815456390380859,5.681952953338623,0.32594165205955505,0.5226704478263855,36.142799377441406,0.7093091607093811,0.8182195425033569,1.0,1.0,1
0.01568627450980392,4.0,24423,488,695,488,0.8573484420776367,0.4987771511077881,0.11237218976020813,0.12665584683418274,0.2668658494949341,0.017821066081523895,-0.4178733825683594,0.07150793075561523,0.10731267929077148,0.035703420639038086,0.4893813133239746,-0.06074147671461105,0.022299010306596756,0.01742101088166237,0.14078916609287262,0.08304049074649811,-0.10639965534210205,0.0015327688306570053,0.02005094289779663,4.51444648206234e-05,0.1079324260354042,0.26199105381965637,0.3059629499912262,0.29925546050071716,2.2280006408691406,2.5776822566986084,178.25985717773438,5.855587959289551,5.845746040344238,0.38049137592315674,0.44095009565353394,30.49394416809082,0.7542930245399475,0.8394656777381897,1.0,1.0,1
0.01568627450980392,4.0,24853,497,663,497,0.718414306640625,0.4501829147338867,0.08726025372743607,0.10603608191013336,0.2803851366043091,0.02200329303741455,-0.2961997985839844,0.11023449897766113,0.12047433853149414,0.09999462962150574,0.4064342975616455,-0.036333806812763214,0.028113724663853645,0.01618034392595291,0.25230783224105835,0.06444752961397171,-0.12042614817619324,0.004638012498617172,0.04313120245933533,0.00014127243775874376,0.1250641644001007,0.18011580407619476,0.12999925017356873,0.1318560540676117,1.4731965065002441,1.0649449825286865,76.22909545898438,5.837583065032959,5.920177936553955,0.2523641288280487,0.1798839420080185,12.87614917755127,0.5902469754219055,0.6948261260986328,1.0,1.0,1
0.01568627450980392,4.0,24884,497,483,497,0.5763492584228516,0.2623574733734131,0.08613862097263336,0.07501956075429916,0.12028241157531738,0.006580933928489685,-0.08242225646972656,0.06944990158081055,0.1404566764831543,-0.001557081937789917,0.1518721580505371,-0.014322487637400627,0.023650476709008217,0.02461935207247734,-0.009189163334667683,0.037972964346408844,-0.01093505322933197,0.0011109085753560066,0.017955847084522247,-1.8409918993711472e-06,0.012045961804687977,0.13175161182880402,0.13542325794696808,0.1344509869813919,1.5424197912216187,1.5756163597106934,110.26510620117188,5.850460052490234,5.845853805541992,0.26364076137542725,0.2695271670818329,18.862104415893555,0.7790676951408386,0.8638213872909546,1.0,1.0,1
0.01568627450980392,4.0,24871,497,442,497,0.7668523788452148,0.49144530296325684,0.09596864134073257,0.11650171875953674,0.2534950375556946,0.02192733809351921,-0.004710674285888672,0.19562745094299316,0.32332563400268555,0.06792950630187988,0.20033812522888184,-0.0006379137630574405,0.05094737559556961,0.04396325349807739,0.20892566442489624,0.05158529058098793,-0.0014573931694030762,0.007030390202999115,0.09377013146877289,9.080080781131983e-05,0.008487783372402191,0.10219916701316833,0.10326853394508362,0.10493212938308716,1.0118203163146973,1.0264469385147095,73.00736999511719,5.877903938293457,5.888509273529053,0.17213964462280273,0.17431354522705078,12.398277282714844,0.6243409514427185,0.7290224432945251,1.0,1.0,1
0.01568627450980392,4.0,26194,523,792,523,2.6659064292907715,1.5997834205627441,0.3793182969093323,0.41300448775291443,0.38647007942199707,0.03375599905848503,-0.004229545593261719,0.21137571334838867,0.33633947372436523,0.08436833322048187,0.2156052589416504,-0.0007880846387706697,0.07152622193098068,0.05892346426844597,0.4169102907180786,0.0723143070936203,-0.00036034733057022095,0.003103768453001976,0.03221283107995987,9.894173126667738e-05,0.003464115783572197,0.32730937004089355,0.3179173171520233,0.3155565857887268,3.667073965072632,3.701206922531128,259.1466369628906,5.7770209312438965,5.772577285766602,0.6347690224647522,0.6411706209182739,44.8927116394043,0.9161431193351746,0.9152083992958069,0.7,0.6,1
0.01568627450980392,4.0,29865,597,763,597,1.422048568725586,0.8804011344909668,0.16082699596881866,0.1822417974472046,0.5360912084579468,0.06089752912521362,-0.15372180938720703,0.07784318923950195,0.11092901229858398,0.04475802183151245,0.23156499862670898,-0.018768075853586197,0.018272705376148224,0.013755535706877708,0.09818728268146515,0.03704078122973442,-0.0656011700630188,0.004612017422914505,0.04671996831893921,6.896001286804676e-05,0.070213183760643,0.22797511518001556,0.2561291754245758,0.255821168422699,2.1197588443756104,2.4412901401519775,169.63880920410156,5.815863609313965,5.8582682609558105,0.3644787669181824,0.4167255759239197,28.9571590423584,0.6265868544578552,0.7402730584144592,1.0,1.0,1
0.01568627450980392,4.0,40105,802,895,802,2.117827892303467,1.1130733489990234,0.29410651326179504,0.2995884418487549,0.411121129989624,0.024806370958685875,-0.012044906616210938,0.07928967475891113,0.12567663192749023,0.032902687788009644,0.09133458137512207,-0.001977809937670827,0.025952666997909546,0.021256733685731888,0.1661679744720459,0.027930477634072304,-0.002032235264778137,0.0014274921268224716,0.018544107675552368,3.940367605537176e-05,0.003459727391600609,0.3123061954975128,0.31576380133628845,0.31519731879234314,2.937492609024048,2.979897975921631,206.710693359375,5.894862174987793,5.882291793823242,0.4983140528202057,0.5065879225730896,35.14118194580078,0.8612192273139954,0.9655311703681946,1.0,1.0,1
0.01568627450980392,4.0,42475,849,505,849,0.6603660583496094,0.4633643627166748,0.0877632349729538,0.1172393187880516,0.20148606598377228,0.016978278756141663,-0.38559961318969727,0.04044342041015625,-0.04862022399902344,0.12950703501701355,0.4260430335998535,-0.05407368764281273,0.011636242270469666,-0.007267565932124853,0.4179306924343109,0.06570993363857269,-0.10188503563404083,0.0011437106877565384,-0.011797264218330383,0.0001654315274208784,0.10302874445915222,0.13670343160629272,0.138071671128273,0.13822896778583527,1.36821711063385,1.3457123041152954,93.81475830078125,5.895145893096924,5.931543350219727,0.23209215700626373,0.22687388956546783,15.816247940063477,0.694712221622467,0.7813090085983276,1.0,1.0,1
0.01568627450980392,4.0,42461,849,505,849,0.4243288040161133,0.3409883975982666,0.05597635358572006,0.08466821163892746,0.15405777096748352,0.014570891857147217,-0.3579568862915039,0.01947927474975586,-0.06794452667236328,0.10690313577651978,0.37743616104125977,-0.04734683036804199,0.005151919089257717,-0.009499291889369488,0.22397229075431824,0.052498750388622284,-0.13065478205680847,0.0007665678858757019,-0.02321726083755493,0.00016320147551596165,0.13142135739326477,0.0876905769109726,0.07394646108150482,0.07389938086271286,0.6616883277893066,0.5509741306304932,38.806522369384766,5.9119672775268555,5.929952621459961,0.11192354559898376,0.09291374683380127,6.544153690338135,0.4468132257461548,0.5563788414001465,1.0,1.0,1
0.01568627450980392,4.0,43241,864,803,864,2.4387717247009277,1.5000827312469482,0.30597278475761414,0.3550778031349182,0.5163969993591309,0.044131066650152206,-0.20311975479125977,0.31813526153564453,0.4896101951599121,0.14646419882774353,0.5212550163269043,-0.030406704172492027,0.09256482869386673,0.07410946488380432,0.5481411814689636,0.1229715347290039,-0.04154384136199951,0.007116226479411125,0.08665348589420319,0.00017774070147424936,0.048660069704055786,0.2355087846517563,0.21446487307548523,0.21584217250347137,2.6394095420837402,2.386239528656006,165.65760803222656,5.822207927703857,5.863501071929932,0.4533348083496094,0.4069649577140808,28.252336502075195,0.7793864607810974,0.8414410948753357,1.0,1.0,1
0.01568627450980392,4.0,43242,864,717,864,1.869211196899414,1.0162031650543213,0.23562659323215485,0.23615425825119019,0.5018109083175659,0.04081736505031586,-0.03671407699584961,0.045670509338378906,0.015381813049316406,0.07148227095603943,0.08238458633422852,-0.005447898991405964,0.012777067720890045,0.0022596067283302546,0.20930100977420807,0.018224965780973434,-0.008802279829978943,0.0013993028551340103,0.0037997066974639893,9.694637265056372e-05,0.010201582685112953,0.27872034907341003,0.2583627700805664,0.24832618236541748,2.2143607139587402,2.1046054363250732,143.91513061523438,5.8108015060424805,5.795119762420654,0.3810766339302063,0.3631685972213745,24.83384895324707,0.5874223113059998,0.698067307472229,1.0,1.0,1
0.01568627450980392,4.0,43236,864,803,864,0.8807463645935059,0.6937465667724609,0.11308091133832932,0.16642487049102783,0.2525784373283386,0.025974171236157417,-0.8293237686157227,0.061591386795043945,0.1211552619934082,0.0020276010036468506,0.8909151554107666,-0.11112760007381439,0.017680294811725616,0.017964540049433708,0.009088234044611454,0.1288079023361206,-0.21220241487026215,0.001612398773431778,0.025347769260406494,2.528657205402851e-06,0.21381480991840363,0.12305348366498947,0.12724588811397552,0.12412581592798233,1.5167440176010132,1.6008312702178955,110.68323516845703,5.870896816253662,5.876637935638428,0.25834962725639343,0.2724059820175171,18.834447860717773,0.7856788039207458,0.8471182584762573,1.0,1.0,1
0.01568627450980392,4.0,45596,911,721,911,1.5326757431030273,0.7545092105865479,0.21352006494998932,0.1982892006635666,0.3204691708087921,0.020899642258882523,-0.23418188095092773,0.04652214050292969,0.05278587341308594,0.04025830328464508,0.2807040214538574,-0.03598884120583534,0.014363992027938366,0.008476846851408482,0.16068533062934875,0.05035283416509628,-0.045609086751937866,0.001026734709739685,0.009498029947280884,5.0629954785108566e-05,0.04663582146167755,0.18194390833377838,0.1706487089395523,0.17114512622356415,1.850601315498352,1.7808549404144287,126.23599243164062,5.857077121734619,5.894726753234863,0.3159598708152771,0.30210983753204346,21.415071487426758,0.7934051752090454,0.8635717034339905,1.0,1.0,1
0.01568627450980392,4.0,45678,913,649,913,3.3967819213867188,1.904850721359253,0.3790818452835083,0.4104135036468506,0.7385757565498352,0.06973785161972046,-0.3075251579284668,0.08848977088928223,0.12061405181884766,0.05636546015739441,0.396014928817749,-0.04145265743136406,0.024189535528421402,0.017028162255883217,0.24174845218658447,0.06564219295978546,-0.08687321841716766,0.002662288025021553,0.029364272952079773,6.91235763952136e-05,0.08953550457954407,0.269075870513916,0.266762912273407,0.26212549209594727,2.9904983043670654,2.9489612579345703,201.85784912109375,5.826060771942139,5.83531379699707,0.5132967829704285,0.5053646564483643,34.59245681762695,0.7941755652427673,0.8443781733512878,1.0,1.0,1
0.01568627450980392,4.0,47002,940,942,940,0.891869068145752,0.4315962791442871,0.12313791364431381,0.11537166684865952,0.20156502723693848,0.01242772862315178,-0.08341217041015625,0.003403186798095703,0.009523868560791016,-0.00271780788898468,0.08681535720825195,-0.012953880243003368,0.001047019730322063,0.0015129514504224062,-0.013032814487814903,0.014000900089740753,-0.014367178082466125,7.453374564647675e-05,0.0015461593866348267,-3.339373506605625e-06,0.014441711828112602,0.13344982266426086,0.12135675549507141,0.11958633363246918,1.4161384105682373,1.2955998182296753,90.2386474609375,5.910306930541992,5.916947841644287,0.2396048903465271,0.21896420419216156,15.250877380371094,0.7739064693450928,0.8489364981651306,1.0,1.0,1
0.01568627450980392,4.0,47035,940,951,940,1.4609694480895996,0.8231515884399414,0.16460108757019043,0.17417791485786438,0.5197625756263733,0.05158194527029991,-0.34095001220703125,0.16033649444580078,0.2599353790283203,0.06073775887489319,0.501286506652832,-0.04031673073768616,0.03765084594488144,0.03207738697528839,0.14683888852596283,0.0779675766825676,-0.1400962471961975,0.008750282227993011,0.09963715076446533,8.899159729480743e-05,0.14884653687477112,0.1769653707742691,0.13021177053451538,0.12667420506477356,1.6254668235778809,1.2179657220840454,83.76513671875,5.778683185577393,5.815064430236816,0.28128671646118164,0.20945008099079132,14.404850959777832,0.6515247225761414,0.7246033549308777,1.0,1.0,1
0.01568627450980392,4.0,47043,940,951,940,1.6807985305786133,0.9837439060211182,0.20472095906734467,0.22725938260555267,0.4891440272331238,0.04051585495471954,-0.1343073844909668,0.14235568046569824,0.2297825813293457,0.05492882430553436,0.27666306495666504,-0.01877531036734581,0.03913828730583191,0.03295492008328438,0.1819658726453781,0.05791359767317772,-0.03998473286628723,0.004462355747818947,0.062081560492515564,7.21983378753066e-05,0.04444708675146103,0.18142221868038177,0.1818493753671646,0.17746885120868683,1.6399948596954346,1.643163800239563,115.38969421386719,5.862730979919434,5.893171310424805,0.27973222732543945,0.278825044631958,19.580238342285156,0.6921303272247314,0.7366208434104919,1.0,1.0,1
0.01568627450980392,4.0,49593,991,996,991,1.421926498413086,0.7885687351226807,0.1719600260257721,0.17597486078739166,0.4863635301589966,0.041521862149238586,-0.05064821243286133,0.22782421112060547,0.4512910842895508,0.004357695579528809,0.2784724235534668,-0.006377608980983496,0.054340895265340805,0.05674578621983528,0.010083894245326519,0.06071850284934044,-0.020678818225860596,0.01174997165799141,0.17620080709457397,6.689690053462982e-06,0.032428789883852005,0.25859856605529785,0.1647842675447464,0.16438959538936615,2.2356340885162354,1.4338616132736206,100.19818115234375,5.843482971191406,5.749432563781738,0.38258588314056396,0.2493918538093567,17.427490234375,0.7271584272384644,0.808235764503479,1.0,1.0,1
0.03137254901960784,8.0,2061,41,363,41,3.8426499366760254,2.1867880821228027,0.43653833866119385,0.46003201603889465,0.8126410841941833,0.08843851089477539,-1.0774612426757812,0.74920654296875,1.3978099822998047,0.06603575497865677,1.8266677856445312,-0.17682260274887085,0.2627047002315521,0.2504439353942871,0.5392262935638428,0.439527302980423,-0.0839005783200264,0.007737631909549236,0.0885721743106842,7.215188816189766e-05,0.09163820743560791,1.1399550437927246,0.9683483242988586,0.888383150100708,8.170063018798828,7.0205793380737305,453.5341491699219,10.041608810424805,10.432609558105469,0.813620924949646,0.6729456782341003,43.47274398803711,0.8963539600372314,0.9508858919143677,0.7,1.0,1
0.03137254901960784,8.0,13290,265,153,265,1.5624151229858398,0.8333313465118408,0.18356457352638245,0.18823792040348053,0.48425811529159546,0.03897576406598091,-1.2835326194763184,0.29199790954589844,0.5836081504821777,0.00038743019104003906,1.5755305290222168,-0.16873514652252197,0.08927073329687119,0.09221802651882172,0.0018165197689086199,0.25800588726997375,-0.34978169202804565,0.005970882251858711,0.100060373544693,4.788162186741829e-07,0.3557525873184204,0.32440581917762756,0.32933077216148376,0.32426589727401733,3.471932888031006,3.6001079082489014,252.697021484375,11.591643333435059,11.540770530700684,0.299520343542099,0.31194692850112915,21.896026611328125,0.6781346797943115,0.7462552189826965,1.0,1.0,1
0.03137254901960784,8.0,15541,310,309,310,3.6544833183288574,2.094818592071533,0.45593151450157166,0.4834381639957428,0.702725350856781,0.06048347055912018,-0.5948810577392578,0.22893381118774414,0.41350221633911133,0.044365257024765015,0.823814868927002,-0.09180385619401932,0.06976934522390366,0.06662626564502716,0.1245179995894432,0.16157320141792297,-0.13476532697677612,0.005088111385703087,0.08616036176681519,6.19103666394949e-05,0.13985343277454376,0.5492439270019531,0.4720924496650696,0.44902920722961426,3.355376958847046,2.8731496334075928,192.3704833984375,10.762596130371094,10.911311149597168,0.3117627799510956,0.2633184492588043,17.630373001098633,0.6813074350357056,0.7518778443336487,1.0,1.0,1
0.03137254901960784,8.0,15540,310,314,310,5.746535301208496,3.1828114986419678,0.6404470205307007,0.6480839252471924,0.864656925201416,0.11110354214906693,-0.4134817123413086,0.7704031467437744,1.337681770324707,0.20312491059303284,1.183884859085083,-0.05400281772017479,0.18621471524238586,0.17139163613319397,0.4326150417327881,0.24021753668785095,-0.13602861762046814,0.029338374733924866,0.3911765217781067,0.0002935964148491621,0.165366992354393,0.6032853722572327,0.4681096374988556,0.4524955153465271,4.329099178314209,3.412658929824829,233.46725463867188,10.453938484191895,10.847524642944336,0.41411179304122925,0.3146025538444519,21.522628784179688,0.6852796077728271,0.7283168435096741,1.0,1.0,1
0.03137254901960784,8.0,15513,310,302,310,3.4313912391662598,1.9758436679840088,0.4127727150917053,0.4406556785106659,0.7405721545219421,0.06813576072454453,-0.45409631729125977,0.0023844242095947266,-0.056264400482177734,0.06103283166885376,0.4564807415008545,-0.06272641569375992,0.0006570660043507814,-0.008141658268868923,0.15130509436130524,0.06338348239660263,-0.14119689166545868,8.114054799079895e-05,-0.017023801803588867,8.852314203977585e-05,0.14127802848815918,0.386791467666626,0.3581184446811676,0.3512252867221832,2.7022063732147217,2.5006000995635986,171.02984619140625,11.283086776733398,11.40591049194336,0.2394917607307434,0.21923722326755524,14.994843482971191,0.6258452534675598,0.7259684205055237,1.0,1.0,1
0.03137254901960784,8.0,18309,366,367,366,3.126211643218994,1.8485829830169678,0.3556761145591736,0.38814935088157654,0.7863354086875916,0.08538685739040375,-0.2434687614440918,0.2555124759674072,0.44188785552978516,0.06913715600967407,0.498981237411499,-0.032738011330366135,0.06701993942260742,0.06117887422442436,0.1719462275505066,0.09975795447826385,-0.08657783269882202,0.009253878146409988,0.1429865062236786,9.974662680178881e-05,0.09583170711994171,0.3316231667995453,0.31830257177352905,0.3113623857498169,2.37622332572937,2.283299446105957,159.3883056640625,10.957560539245605,11.163941383361816,0.2168569713830948,0.20452448725700378,14.277064323425293,0.5904373526573181,0.6838628649711609,1.0,1.0,1
0.03137254901960784,8.0,20700,414,797,414,2.2386670112609863,1.2347042560577393,0.27943193912506104,0.29302874207496643,0.5814962387084961,0.04231896623969078,-0.2461256980895996,0.215165376663208,0.31092405319213867,0.1194068193435669,0.4612910747528076,-0.034898318350315094,0.06148445978760719,0.04670974612236023,0.3486294746398926,0.09638278186321259,-0.07364711165428162,0.00575682707130909,0.07730062305927277,0.00015831575728952885,0.07940393686294556,0.25279489159584045,0.2357410341501236,0.2296212762594223,2.428323745727539,2.283123254776001,158.00889587402344,11.477320671081543,11.474929809570312,0.21157583594322205,0.19896620512008667,13.769922256469727,0.7942262291908264,0.8391733169555664,1.0,1.0,1
0.03137254901960784,8.0,21518,430,840,430,3.285336494445801,1.7678680419921875,0.3874381482601166,0.3888310492038727,0.744325578212738,0.06846699118614197,-0.4427828788757324,0.37977004051208496,0.7401018142700195,0.01943857967853546,0.8225529193878174,-0.07044105231761932,0.11828789114952087,0.11923671513795853,0.09078413993120193,0.1887289434671402,-0.06386484205722809,0.0068917591124773026,0.10279562324285507,2.3815548047423363e-05,0.07075659930706024,0.7895864248275757,0.6689797639846802,0.6585339307785034,7.166515350341797,6.156611442565918,425.6611633300781,10.792278289794922,10.949234008789062,0.6640409827232361,0.5622869729995728,38.875885009765625,0.8570689558982849,0.9375228881835938,1.0,1.0,1
0.03137254901960784,8.0,24424,488,679,488,1.7172527313232422,1.0711660385131836,0.2186306118965149,0.2565610706806183,0.442344069480896,0.03609929978847504,-0.9416279792785645,0.08577370643615723,0.08096551895141602,0.09058187901973724,1.0274016857147217,-0.13787584006786346,0.027680661529302597,0.013636632822453976,0.3483654260635376,0.16555650532245636,-0.18871326744556427,0.0016179345548152924,0.012415334582328796,0.00011218711733818054,0.19033120572566986,0.3308694064617157,0.290854275226593,0.2817820906639099,3.794599771499634,3.297333002090454,224.57717895507812,11.665154457092285,11.759422302246094,0.32529357075691223,0.28039923310279846,19.097637176513672,0.8305293917655945,0.8202477693557739,1.0,1.0,1
0.03137254901960784,8.0,24885,497,483,497,3.2042484283447266,1.8081750869750977,0.3645513653755188,0.3848353326320648,0.7737860083580017,0.0787346288561821,-0.1433415412902832,0.14905357360839844,0.2245473861694336,0.07355982065200806,0.29239511489868164,-0.021609259769320488,0.04423488304018974,0.03539111465215683,0.186488077044487,0.06584414094686508,-0.0380675345659256,0.0036892741918563843,0.05028466880321503,0.00010510534048080444,0.04175680875778198,0.43799859285354614,0.4749848246574402,0.45947492122650146,3.8664391040802,4.198523044586182,286.3938903808594,11.464395523071289,11.267598152160645,0.3372562527656555,0.3726191818714142,25.4174747467041,0.5925763845443726,0.7056788206100464,1.0,1.0,1
0.03137254901960784,8.0,24864,497,449,497,1.5353164672851562,0.8561801910400391,0.1953231543302536,0.20878726243972778,0.35744965076446533,0.0279599167406559,-0.6727852821350098,0.1405477523803711,0.17791223526000977,0.06930902600288391,0.8133330345153809,-0.09644943475723267,0.04299236834049225,0.028087813407182693,0.339547336101532,0.13944180309772491,-0.12597839534282684,0.0028182510286569595,0.025383204221725464,8.202902972698212e-05,0.12879665195941925,0.23425766825675964,0.21044622361660004,0.20831134915351868,2.9576494693756104,2.644516706466675,182.70616149902344,11.250290870666504,11.338907241821289,0.2628953754901886,0.2332250028848648,16.11320686340332,0.7650960683822632,0.8609196543693542,1.0,1.0,1
0.03137254901960784,8.0,24866,497,884,497,1.1585869789123535,0.6381940841674805,0.13767118752002716,0.14361704885959625,0.3588448762893677,0.033426299691200256,-0.2561831474304199,0.06550097465515137,0.25485754013061523,-0.12385526299476624,0.3216841220855713,-0.034862928092479706,0.018492545932531357,0.03731168806552887,-0.32818517088890076,0.05335547402501106,-0.07402637600898743,0.001973140984773636,0.06281597912311554,-0.00016971176955848932,0.07599951326847076,0.18051066994667053,0.21735335886478424,0.2172459065914154,1.4890156984329224,1.7961053848266602,127.2553939819336,11.358192443847656,11.33829116821289,0.13109618425369263,0.15841059386730194,11.223506927490234,0.5662693381309509,0.6745400428771973,1.0,1.0,1
0.03137254901960784,8.0,24860,497,406,497,2.090639591217041,1.2425992488861084,0.21753498911857605,0.24122324585914612,0.686003565788269,0.09524723142385483,-0.08154964447021484,0.2104792594909668,0.4797177314758301,-0.05875861644744873,0.29202890396118164,-0.00996038131415844,0.049600016325712204,0.05889824405312538,-0.14654231071472168,0.059560395777225494,-0.03174135088920593,0.011250060051679611,0.1787615716457367,-8.510763291269541e-05,0.042991410940885544,0.2666172683238983,0.25316745042800903,0.256108820438385,2.5083045959472656,2.410266637802124,172.6226043701172,11.379925727844238,11.505372047424316,0.22041484713554382,0.20949053764343262,15.003652572631836,0.5871037840843201,0.6892344355583191,1.0,1.0,1
0.03137254901960784,8.0,26176,523,494,523,5.048439979553223,2.829835891723633,0.6114047169685364,0.6258247494697571,0.7776352167129517,0.07843481004238129,-0.30603885650634766,0.021006107330322266,-0.009728431701660156,0.05174046754837036,0.3270449638366699,-0.04847877472639084,0.006437760312110186,-0.0015680809738114476,0.15603402256965637,0.05491653457283974,-0.071266308426857,0.0005112532526254654,-0.0023217052221298218,7.017911411821842e-05,0.07177755981683731,0.534978985786438,0.5113548636436462,0.5004075765609741,3.334643602371216,3.2382149696350098,222.80291748046875,10.969611167907715,11.143129348754883,0.3039892315864563,0.2906019389629364,19.994646072387695,0.715251088142395,0.8054187893867493,1.0,1.0,1
0.03137254901960784,8.0,26181,523,731,523,3.8263821601867676,2.1464619636535645,0.4678404927253723,0.4904216229915619,0.6721751689910889,0.05946844071149826,-0.09174013137817383,0.2327566146850586,0.35404062271118164,0.11147217452526093,0.3244967460632324,-0.014759373851120472,0.07277416437864304,0.05755562335252762,0.4542384743690491,0.08753354102373123,-0.015749111771583557,0.004403127357363701,0.0538313090801239,0.00013466225937008858,0.020152239128947258,0.3071505129337311,0.27209535241127014,0.2639923095703125,3.6453495025634766,3.3576056957244873,227.23764038085938,11.431693077087402,11.51591682434082,0.31888097524642944,0.29156216979026794,19.73248291015625,0.827372670173645,0.8804923295974731,0.9,0.9,1
0.03137254901960784,8.0,26157,523,7,523,5.1169891357421875,2.7961738109588623,0.600959062576294,0.6158062815666199,0.7838402986526489,0.07565765827894211,-0.4647669792175293,0.3291611671447754,0.5368099212646484,0.09035623073577881,0.7939281463623047,-0.06981664896011353,0.10395731776952744,0.08785788714885712,0.4058360755443573,0.17377397418022156,-0.07510797679424286,0.005488185212016106,0.06229054182767868,0.00010778545401990414,0.08059616386890411,0.7305483818054199,0.6646981239318848,0.6426846981048584,7.804435729980469,7.307223320007324,493.0571594238281,10.445374488830566,10.4480562210083,0.7471666932106018,0.6993858814239502,47.191280364990234,0.8590561747550964,0.9164082407951355,1.0,1.0,1
0.03137254901960784,8.0,29869,597,414,597,2.0304484367370605,1.075441598892212,0.2767575681209564,0.2799922227859497,0.353506863117218,0.02609335258603096,-0.5797419548034668,0.22217869758605957,0.47155332565307617,-0.027196332812309265,0.8019206523895264,-0.09052332490682602,0.07469430565834045,0.08170396834611893,-0.1328444629907608,0.16521763801574707,-0.08763328939676285,0.0033883964642882347,0.04697337746620178,-3.2881274819374084e-05,0.09102168679237366,0.28222569823265076,0.21081149578094482,0.2063421756029129,3.430697202682495,2.5480759143829346,176.56411743164062,10.328865051269531,10.450204849243164,0.3321465849876404,0.24383023381233215,16.895755767822266,1.0256606340408325,1.0131844282150269,0.4,0.6,1
0.03137254901960784,8.0,38811,776,420,776,2.96311616897583,1.7338213920593262,0.3544510006904602,0.3889029622077942,0.652410089969635,0.060276664793491364,-0.2146916389465332,0.10265016555786133,0.19507980346679688,-0.07892956584692001,0.31734180450439453,-0.037509411573410034,0.03681386262178421,0.03559665381908417,-0.4501062035560608,0.07432327419519424,-0.017371125519275665,0.0013392576947808266,0.014096871018409729,-9.033177047967911e-05,0.018710382282733917,0.5953667759895325,0.59519362449646,0.5674695372581482,5.94217586517334,5.94808292388916,405.4283142089844,11.221086502075195,11.253693580627441,0.5295544266700745,0.5285449624061584,36.0262451171875,0.8825775980949402,0.9522936344146729,1.0,1.0,1
0.03137254901960784,8.0,38832,776,683,776,3.5782008171081543,2.1779744625091553,0.3770417869091034,0.4263560175895691,0.8427295684814453,0.11721765995025635,-0.8264913558959961,0.482454776763916,0.8802976608276367,0.08461210131645203,1.308946132659912,-0.10512422025203705,0.1407860964536667,0.13324369490146637,0.3424854576587677,0.24591031670570374,-0.24420379102230072,0.010096540674567223,0.14219528436660767,0.00010372977703809738,0.2543003261089325,0.49963852763175964,0.6132012009620667,0.5731415748596191,5.180512428283691,6.440857410430908,422.8678283691406,10.66414737701416,10.210209846496582,0.4857877790927887,0.6308251619338989,41.416175842285156,0.7643390893936157,0.9156113862991333,1.0,1.0,1
0.03137254901960784,8.0,38802,776,432,776,3.5912342071533203,2.031482219696045,0.3995680510997772,0.41103479266166687,0.8233978152275085,0.10247286409139633,-0.6234922409057617,0.27329587936401367,0.44124650955200195,0.10534507036209106,0.8967881202697754,-0.07857488095760345,0.06825648993253708,0.057996008545160294,0.26356902718544006,0.14683136343955994,-0.2325129210948944,0.011617723852396011,0.15818855166435242,0.00014893198385834694,0.24413064122200012,0.39899900555610657,0.32969966530799866,0.3258601427078247,3.3653886318206787,2.8001883029937744,193.78334045410156,11.059830665588379,11.100255012512207,0.3042893409729004,0.2522634267807007,17.457557678222656,0.6900734305381775,0.7634567618370056,1.0,1.0,1
0.03137254901960784,8.0,42468,849,505,849,1.0530624389648438,0.6630103588104248,0.1458427608013153,0.17280153930187225,0.29038894176483154,0.020549697801470757,-0.6545162200927734,0.07893657684326172,0.09605789184570312,0.0618155300617218,0.7334527969360352,-0.10250863432884216,0.027043191716074944,0.017225060611963272,0.23667816817760468,0.12955182790756226,-0.12439551949501038,0.001310698688030243,0.013409003615379333,7.77574023231864e-05,0.12570622563362122,0.37163859605789185,0.3763374388217926,0.36329665780067444,2.630084991455078,2.629660129547119,179.46974182128906,11.347869873046875,11.322013854980469,0.23176904022693634,0.2322608083486557,15.851397514343262,0.636589527130127,0.784332275390625,1.0,1.0,1
0.03137254901960784,8.0,42490,849,828,849,4.402405261993408,2.47353196144104,0.42058229446411133,0.44628453254699707,0.9191704988479614,0.16635803878307343,-0.7582969665527344,0.45326852798461914,0.8302302360534668,0.018764249980449677,1.2115654945373535,-0.11923152953386307,0.16747039556503296,0.15645210444927216,0.17617559432983398,0.28670191764831543,-0.09905024617910385,0.0046450672671198845,0.05045386031270027,2.0653591491281986e-05,0.10369531065225601,0.5071485638618469,0.5909088850021362,0.5605799555778503,7.157902717590332,8.249181747436523,549.0715942382812,11.273218154907227,11.053041458129883,0.6349475979804993,0.7463268637657166,49.676063537597656,0.9171376824378967,1.0397745370864868,1.0,0.8,1
0.03137254901960784,8.0,45580,911,816,911,1.861328125,1.0889980792999268,0.23418991267681122,0.2562790811061859,0.5275813937187195,0.04095333814620972,-0.2278604507446289,0.1937563419342041,0.30612659454345703,0.08138598501682281,0.421616792678833,-0.03982013463973999,0.06809357553720474,0.056174084544181824,0.33731064200401306,0.10791371017694473,-0.03488801419734955,0.0028248336166143417,0.03588765859603882,9.93943540379405e-05,0.03771284967660904,0.34571486711502075,0.3787049353122711,0.36277198791503906,3.2402570247650146,3.595163345336914,246.49928283691406,11.373018264770508,11.410730361938477,0.28490740060806274,0.31506863236427307,21.6024112701416,0.7049866914749146,0.8048242926597595,1.0,1.0,1
0.03137254901960784,8.0,47029,940,941,940,2.4086990356445312,1.3478121757507324,0.2927968204021454,0.30905264616012573,0.6111600399017334,0.05082295089960098,-0.2965993881225586,0.14156818389892578,0.29691553115844727,-0.013779282569885254,0.4381675720214844,-0.04607488587498665,0.0453622080385685,0.04949284344911575,-0.053762681782245636,0.09143709391355515,-0.061044007539749146,0.002763986587524414,0.04751896858215332,-1.7663929611444473e-05,0.06380799412727356,0.3664982318878174,0.3482308089733124,0.3357771635055542,2.674098491668701,2.558377504348755,176.6926727294922,11.3568115234375,11.218231201171875,0.23546208441257477,0.22805534303188324,15.750493049621582,0.5351014733314514,0.6534443497657776,1.0,1.0,1
0.03137254901960784,8.0,47044,940,930,940,3.5886921882629395,1.8558144569396973,0.41858598589897156,0.41273757815361023,0.7345017790794373,0.06483377516269684,-0.7724714279174805,0.4234611988067627,0.7593026161193848,0.0561915785074234,1.1959326267242432,-0.11240028589963913,0.15002000331878662,0.13949666917324066,0.2778496742248535,0.26242029666900635,-0.1678585410118103,0.005327343009412289,0.06473870575428009,6.681412924081087e-05,0.17318588495254517,0.38717496395111084,0.4914451241493225,0.46073073148727417,3.637218713760376,4.591533660888672,307.7893371582031,10.925142288208008,10.826109886169434,0.3329218626022339,0.42411667108535767,28.430280685424805,0.774020791053772,0.8442784547805786,1.0,1.0,1
0.03137254901960784,8.0,47047,940,942,940,2.352537155151367,1.2343215942382812,0.28584539890289307,0.28758177161216736,0.6106877326965332,0.04534297063946724,-0.05210542678833008,0.27692580223083496,0.5181093215942383,0.03574252128601074,0.32903122901916504,-0.007711091078817844,0.08205622434616089,0.0802445337176323,0.121975839138031,0.08976731449365616,-0.013560831546783447,0.0064374785870313644,0.10660773515701294,4.7008623369038105e-05,0.01999831013381481,0.3798927068710327,0.3390546441078186,0.3317286968231201,3.426316022872925,3.080446243286133,211.88255310058594,11.257575988769531,11.297846794128418,0.3043564558029175,0.2726578116416931,18.754241943359375,0.7065093517303467,0.7784996032714844,1.0,1.0,1
0.03137254901960784,8.0,47003,940,941,940,3.057398796081543,1.6784329414367676,0.33550825715065,0.35325688123703003,0.7824785113334656,0.07850143313407898,-0.045499324798583984,0.33966803550720215,0.5962891578674316,0.08304685354232788,0.38516736030578613,-0.006517150904983282,0.09574482589960098,0.08742929250001907,0.3019521236419678,0.1022619754076004,-0.013624757528305054,0.00894775241613388,0.1423659473657608,0.00010479544289410114,0.022572509944438934,0.2960158884525299,0.28885841369628906,0.2826968729496002,3.1152491569519043,2.970106363296509,203.1369171142578,10.674806594848633,10.989832878112793,0.291831910610199,0.27025946974754333,18.48407745361328,0.6996148228645325,0.8428990840911865,1.0,1.0,1
0.03137254901960784,8.0,47049,940,942,940,3.070138454437256,1.726017713546753,0.3181939423084259,0.3337687849998474,0.818501889705658,0.11228367686271667,-0.2999691963195801,0.5449826717376709,0.951453685760498,0.13851197063922882,0.844951868057251,-0.04468957707285881,0.1453833281993866,0.1316409856081009,0.5138781070709229,0.1900729089975357,-0.05396883189678192,0.015358582139015198,0.21540121734142303,0.00016918685287237167,0.06932741403579712,0.7598540186882019,0.3935715854167938,0.3774471580982208,7.261229038238525,3.8082025051116943,259.90972900390625,10.884865760803223,10.827189445495605,0.6670940518379211,0.35172584652900696,24.005281448364258,0.7006889581680298,0.7539923787117004,1.0,1.0,1
0.03137254901960784,8.0,49432,988,10,988,4.518548965454102,2.499508857727051,0.46580401062965393,0.4779241979122162,0.8691662549972534,0.12633731961250305,-0.2718162536621094,0.37271595001220703,0.6229300498962402,0.11705905199050903,0.6445322036743164,-0.038498952984809875,0.103304922580719,0.08930312097072601,0.486966997385025,0.14180387556552887,-0.05013665556907654,0.009211240336298943,0.1061762198805809,0.00014031061436980963,0.05934789776802063,0.37062013149261475,0.33022844791412354,0.321305513381958,3.952239751815796,3.6324446201324463,246.5104522705078,10.883870124816895,11.161332130432129,0.3631281554698944,0.32544901967048645,22.08611297607422,0.8326817750930786,0.9029105305671692,1.0,1.0,1
0.03137254901960784,8.0,49442,988,452,988,4.678199768066406,2.6158909797668457,0.5814390778541565,0.5976658463478088,0.6967393755912781,0.0647839903831482,-0.005330085754394531,0.1294546127319336,0.16506099700927734,0.07000873237848282,0.13478469848632812,-0.0011104828445240855,0.05268991366028786,0.03470168635249138,0.4451814293861389,0.053800396621227264,-0.0002609044313430786,0.001192435622215271,0.0073036327958106995,7.902283687144518e-05,0.0014533400535583496,0.6813896298408508,0.654452383518219,0.6274772882461548,7.120547771453857,7.129087924957275,490.3359680175781,11.112069129943848,11.212462425231934,0.640794038772583,0.6358182430267334,43.7313346862793,0.9415859580039978,1.008180022239685,0.9,0.9,1
0.03137254901960784,8.0,49412,988,952,988,4.12710428237915,2.3541035652160645,0.48593831062316895,0.5130795240402222,0.7950289845466614,0.07939817011356354,-0.4556760787963867,0.0330657958984375,0.07713079452514648,-0.01099926233291626,0.4887418746948242,-0.06956525146961212,0.010063913650810719,0.01240895502269268,-0.030017925426363945,0.07962916791439056,-0.11160755157470703,0.0008070860058069229,0.017611145973205566,-1.5765544958412647e-05,0.1124146357178688,0.6090479493141174,0.5866566300392151,0.5523443222045898,3.6921868324279785,3.542773485183716,235.249755859375,10.924520492553711,10.944427490234375,0.3379724323749542,0.3237057030200958,21.49493408203125,0.6371387839317322,0.6894702315330505,1.0,1.0,1
0.03137254901960784,8.0,49405,988,990,988,4.552680969238281,2.5600883960723877,0.5174564719200134,0.5457587838172913,0.834851861000061,0.08802606165409088,-0.05309486389160156,0.6793308258056641,1.1701030731201172,0.1810440570116043,0.7324256896972656,-0.007986107841134071,0.191842183470726,0.1741718202829361,0.4972544312477112,0.19982829689979553,-0.011383995413780212,0.01551859825849533,0.22774526476860046,0.00023807818070054054,0.026902593672275543,0.5497189164161682,0.4487777650356293,0.4281325936317444,4.005403995513916,3.2533838748931885,221.24148559570312,11.109759330749512,11.205674171447754,0.36053022742271423,0.2903335988521576,19.743701934814453,0.6739886403083801,0.731087863445282,1.0,1.0,1
0.03137254901960784,8.0,49578,991,993,991,3.9173202514648438,2.244140625,0.4641927182674408,0.4955580532550812,0.7710369229316711,0.07376325875520706,-2.2903714179992676,0.5072665214538574,0.9981074333190918,0.016425997018814087,2.797637939453125,-0.2751290202140808,0.14097444713115692,0.14430749416351318,0.05865539610385895,0.4161034822463989,-0.6320697665214539,0.013159031048417091,0.2289121001958847,2.1534040570259094e-05,0.6452288031578064,0.622008740901947,0.5367876887321472,0.5271266102790833,4.150771141052246,3.605851173400879,248.6526641845703,10.615982055664062,10.91828727722168,0.390992671251297,0.33025795221328735,22.773962020874023,0.7979863286018372,0.8598234057426453,1.0,1.0,1
0.03137254901960784,8.0,49553,991,109,991,3.690769910812378,2.1054162979125977,0.5094086527824402,0.5409044027328491,0.5529226064682007,0.040548209100961685,-0.23532772064208984,0.019689083099365234,0.05024147033691406,-0.033421412110328674,0.2550168037414551,-0.048415835946798325,0.007922174409031868,0.010428838431835175,-0.17920777201652527,0.05633801221847534,-0.015219468623399734,0.00021630991250276566,0.0034678280353546143,-3.956700675189495e-05,0.0154357785359025,1.0382400751113892,1.0196313858032227,0.9686371684074402,5.034983158111572,4.901811599731445,325.4692077636719,10.807249069213867,10.834212303161621,0.46588942408561707,0.45243820548057556,30.040874481201172,0.8165615797042847,0.9104595184326172,1.0,1.0,1
0.06274509803921569,16.0,2090,41,46,41,4.351984024047852,2.585216999053955,0.5346406102180481,0.5731469392776489,0.7461174130439758,0.07588745653629303,-0.36359357833862305,0.5538694858551025,0.8840317726135254,0.2237071841955185,0.9174630641937256,-0.05979597568511963,0.1764020472764969,0.1500254124403,0.5779364705085754,0.23619802296161652,-0.06573331356048584,0.009203627705574036,0.12356522679328918,0.00029493006877601147,0.07493694126605988,0.7144834995269775,0.6037905812263489,0.5756553411483765,4.2801594734191895,3.6503353118896484,243.05325317382812,19.122230529785156,19.921653747558594,0.22383159399032593,0.1832345575094223,12.200455665588379,0.5225212574005127,0.5941054821014404,1.0,1.0,1
0.06274509803921569,16.0,15524,310,52,310,6.21698522567749,3.477436065673828,0.7244755029678345,0.7441267967224121,0.8282147645950317,0.09192320704460144,-0.06059122085571289,1.363350749015808,2.5000505447387695,0.226651132106781,1.423941969871521,-0.012259361334145069,0.45869696140289307,0.44554218649864197,0.6802319884300232,0.47095632553100586,-0.004745841026306152,0.013820139691233635,0.17812591791152954,0.00028270413167774677,0.018565980717539787,1.0031481981277466,0.6565174460411072,0.6168292760848999,6.5939741134643555,4.316544055938721,281.4006042480469,20.33883285522461,20.791488647460938,0.3242061138153076,0.2076111137866974,13.53441333770752,0.8756227493286133,0.7816669344902039,0.9,1.0,1
0.06274509803921569,16.0,18314,366,367,366,4.172487258911133,2.4104201793670654,0.4911244213581085,0.5211136937141418,0.7988326549530029,0.08268403261899948,-1.4531638622283936,0.6283465623855591,1.142810344696045,0.1138828843832016,2.081510543823242,-0.2955077886581421,0.27533867955207825,0.26136937737464905,0.593830406665802,0.570846438407898,-0.06475303322076797,0.004345382563769817,0.04232405126094818,0.00013028434477746487,0.06909841299057007,1.3951526880264282,0.9639659523963928,0.8553757667541504,8.444672584533691,5.824112415313721,370.2052307128906,19.60171127319336,19.51339340209961,0.4308130145072937,0.2984674274921417,18.971853256225586,0.8579038977622986,0.8618136644363403,1.0,1.0,1
0.06274509803921569,16.0,18326,366,863,366,4.060362339019775,2.394487142562866,0.48515671491622925,0.5216975808143616,0.7793548107147217,0.08016305416822433,-0.40563344955444336,0.7770042419433594,1.425847053527832,0.12816160917282104,1.1826376914978027,-0.08258994668722153,0.2709598243236542,0.26167428493499756,0.44770950078964233,0.3535497784614563,-0.03137385845184326,0.009083019569516182,0.12470545619726181,0.00016001041512936354,0.040456876158714294,1.0249682664871216,0.9180371761322021,0.8326578140258789,5.969394207000732,5.357654571533203,346.19122314453125,19.754955291748047,20.37021255493164,0.3021720051765442,0.26301416754722595,16.99497413635254,0.772773802280426,0.8345484137535095,1.0,1.0,1
0.06274509803921569,16.0,18343,366,368,366,5.100042819976807,2.992708444595337,0.5869482755661011,0.6237180233001709,0.8344091176986694,0.10071387887001038,-1.5972466468811035,0.0464324951171875,0.009851455688476562,0.08301392197608948,1.643679141998291,-0.26975253224372864,0.017677374184131622,0.0019939872436225414,0.26543742418289185,0.28742989897727966,-0.15891781449317932,0.0005892561748623848,0.0008427873253822327,0.00010879035107791424,0.15950706601142883,0.73667311668396,0.6630831956863403,0.6146826148033142,4.812994003295898,4.343455791473389,286.97479248046875,20.134382247924805,20.324424743652344,0.23904353380203247,0.21370621025562286,14.11970043182373,0.6808252334594727,0.7489479184150696,1.0,1.0,1
0.06274509803921569,16.0,24888,497,483,497,4.058045387268066,2.2323005199432373,0.4633733928203583,0.48781493306159973,0.8153015971183777,0.0762515664100647,-0.6358909606933594,0.020404815673828125,-0.05755043029785156,0.09836018085479736,0.6562957763671875,-0.10203928500413895,0.006916062440723181,-0.010200376622378826,0.31100785732269287,0.10895534604787827,-0.11361351609230042,0.00035767070949077606,-0.008611589670181274,0.00012839247938245535,0.11397118866443634,0.6041302680969238,0.5386549234390259,0.5104261636734009,5.380471229553223,4.763824462890625,315.496826171875,21.339977264404297,21.661439895629883,0.25213107466697693,0.21992187201976776,14.564905166625977,0.6489761471748352,0.7514607906341553,1.0,1.0,1
0.06274509803921569,16.0,29873,597,763,597,2.556731700897217,1.4159550666809082,0.29077693819999695,0.30437466502189636,0.7359299659729004,0.06871519982814789,-0.8220720291137695,0.827951192855835,1.5164752006530762,0.12321198731660843,1.6500232219696045,-0.09709618985652924,0.2642216682434082,0.2517574727535248,0.5059221386909485,0.36131787300109863,-0.3290557861328125,0.011546941474080086,0.1569187343120575,0.00014766876120120287,0.34060272574424744,0.4461897611618042,0.7647846341133118,0.7423660755157471,4.028986930847168,6.8464460372924805,456.7109680175781,21.194969177246094,20.706579208374023,0.19009166955947876,0.33064109086990356,22.05632209777832,0.7541571259498596,0.9339507818222046,1.0,1.0,1
0.06274509803921569,16.0,38805,776,558,776,4.334171772003174,2.4093263149261475,0.5121654868125916,0.5380598902702332,0.7802718877792358,0.07144314795732498,-0.017607688903808594,0.9636154174804688,1.6815366744995117,0.24569407105445862,0.9812231063842773,-0.0026346861850470304,0.2829970419406891,0.26157188415527344,0.6440379023551941,0.2856317162513733,-0.004570633172988892,0.017270607873797417,0.25556516647338867,0.0003186477115377784,0.02184124104678631,0.8904864192008972,0.5936927199363708,0.5814192295074463,6.962317943572998,4.632812976837158,315.4963073730469,19.426321029663086,20.283466339111328,0.35839611291885376,0.22840341925621033,15.55435848236084,0.7891430258750916,0.8392249941825867,1.0,1.0,1
0.06274509803921569,16.0,38842,776,432,776,4.180250644683838,2.45528244972229,0.4987331032752991,0.5320631861686707,0.7711210250854492,0.0819408968091011,-0.6270432472229004,0.9558765888214111,1.7085022926330566,0.20325085520744324,1.5829198360443115,-0.10872316360473633,0.29663515090942383,0.27916550636291504,0.6258440017700195,0.40535831451416016,-0.06408579647541046,0.01407354325056076,0.19466900825500488,0.0002542102010920644,0.07815933972597122,1.0806264877319336,0.8068389296531677,0.749619722366333,7.311513423919678,5.527078151702881,361.91046142578125,20.503494262695312,20.977651596069336,0.3565984070301056,0.26347458362579346,17.2521915435791,0.7966265082359314,0.8124395608901978,1.0,1.0,1
0.06274509803921569,16.0,38812,776,432,776,3.277247905731201,1.8061223030090332,0.3444163501262665,0.36328455805778503,0.7823718190193176,0.09395910799503326,-1.3194646835327148,0.20084691047668457,0.37857770919799805,-0.031930506229400635,1.5203115940093994,-0.162730872631073,0.0575573667883873,0.05577170103788376,-0.14321312308311462,0.2202882468700409,-0.3361336588859558,0.005022507160902023,0.06636390089988708,-3.922800533473492e-05,0.34115615487098694,0.38928771018981934,0.3610651195049286,0.35293084383010864,4.0016069412231445,3.7140002250671387,259.4594421386719,18.58673095703125,20.61176872253418,0.215293750166893,0.18018832802772522,12.587926864624023,0.6786503195762634,0.8144827485084534,1.0,1.0,1
0.06274509803921569,16.0,38813,776,566,776,3.8163909912109375,2.2211108207702637,0.44773077964782715,0.47771090269088745,0.7862676978111267,0.08265726268291473,-0.12677240371704102,0.5937929153442383,1.128943920135498,0.05864207446575165,0.7205653190612793,-0.022136610001325607,0.2145984023809433,0.20947252213954926,0.40573975443840027,0.2367350161075592,-0.018795669078826904,0.006410383619368076,0.07859230041503906,6.574438884854317e-05,0.025206051766872406,1.0041593313217163,1.3491706848144531,1.2137467861175537,6.5701069831848145,8.92460823059082,566.8104248046875,20.26267433166504,20.488067626953125,0.3242467939853668,0.43560028076171875,27.66539192199707,0.7753175497055054,0.9476363062858582,1.0,1.0,1
0.06274509803921569,16.0,38845,776,432,776,3.9454054832458496,2.2732303142547607,0.48177921772003174,0.5066674947738647,0.7354828119277954,0.07152292877435684,-0.8191571235656738,0.6439468860626221,1.0662117004394531,0.18848773837089539,1.463104009628296,-0.1254374086856842,0.20221294462680817,0.17778955399990082,0.5067498683929443,0.32765036821365356,-0.1606541872024536,0.010756291449069977,0.14670976996421814,0.00024894706439226866,0.171410471200943,0.7890022397041321,0.6576201319694519,0.6179282665252686,5.418370723724365,4.574849605560303,300.09283447265625,20.426136016845703,20.40586280822754,0.2652665674686432,0.22419290244579315,14.706206321716309,0.676842987537384,0.7450278997421265,1.0,1.0,1
0.06274509803921569,16.0,40146,802,138,802,4.2849225997924805,2.4929933547973633,0.5196523070335388,0.5578316450119019,0.7646371722221375,0.07260257005691528,-1.75382661819458,0.1833345890045166,0.2481379508972168,0.11853109300136566,1.9371612071990967,-0.23127005994319916,0.06388788670301437,0.045301616191864014,0.452761709690094,0.29515793919563293,-0.3778376877307892,0.002583167515695095,0.02452373504638672,0.0001450760755687952,0.38042086362838745,1.3196651935577393,1.2884217500686646,1.1833765506744385,7.448489189147949,7.257955551147461,471.02703857421875,21.532461166381836,21.46833610534668,0.34591907262802124,0.33807721734046936,21.940547943115234,0.8055190443992615,0.9125078916549683,1.0,1.0,1
0.06274509803921569,16.0,40102,802,613,802,4.193422317504883,2.486130475997925,0.5003136396408081,0.5408151745796204,0.7838088274002075,0.08129486441612244,-1.0715103149414062,1.0483505725860596,1.8522017002105713,0.23606708645820618,2.119860887527466,-0.17869460582733154,0.34246331453323364,0.3186199367046356,0.7634522318840027,0.5211579203605652,-0.10849632322788239,0.012498159892857075,0.1538844108581543,0.0002861615503206849,0.12099448591470718,1.2972906827926636,0.9424006938934326,0.8878231048583984,8.046092987060547,5.91948127746582,392.5292053222656,20.644710540771484,20.94064712524414,0.3897411525249481,0.2826789915561676,18.74484634399414,0.8574274778366089,0.8984741568565369,1.0,1.0,1
0.06274509803921569,16.0,40112,802,450,802,3.5349297523498535,2.099123239517212,0.42954209446907043,0.4683155417442322,0.7408742904663086,0.06998971104621887,-0.795565128326416,1.1329684257507324,1.929185390472412,0.3367512822151184,1.9285335540771484,-0.1159282997250557,0.32750093936920166,0.3007093369960785,0.6689242720603943,0.44342923164367676,-0.21145105361938477,0.020123470574617386,0.2871108651161194,0.00047247763723134995,0.23157452046871185,0.5876034498214722,0.546649158000946,0.5183472037315369,3.6670703887939453,3.4333291053771973,229.6717071533203,20.623762130737305,19.727197647094727,0.17780801653862,0.17404039204120636,11.642389297485352,0.6076772809028625,0.6298776268959045,1.0,1.0,1
0.06274509803921569,16.0,40145,802,401,802,4.019822120666504,2.325085163116455,0.456231951713562,0.4938098192214966,0.8302892446517944,0.08773811161518097,-0.3773365020751953,0.0012099742889404297,-0.03929710388183594,0.030289679765701294,0.37854647636413574,-0.06510192155838013,0.00039804584230296314,-0.0066546169109642506,0.14178511500358582,0.06549996882677078,-0.04320470243692398,2.2180378437042236e-05,-0.005940541625022888,3.6885146982967854e-05,0.04322688281536102,1.2690958976745605,1.2131835222244263,1.1494545936584473,9.51860237121582,9.007098197937012,594.8381958007812,20.855514526367188,21.528339385986328,0.45640698075294495,0.41838333010673523,27.63047218322754,0.910398542881012,0.9441701173782349,1.0,1.0,1
0.06274509803921569,16.0,42496,849,505,849,3.044370174407959,1.6835155487060547,0.3486846685409546,0.3690844476222992,0.774501621723175,0.06892392784357071,-0.0018758773803710938,0.4548461437225342,0.7759504318237305,0.07290451228618622,0.4567220211029053,-0.00027491740183904767,0.15694084763526917,0.1386031061410904,0.3681299388408661,0.15721575915813446,-0.0005327463150024414,0.006029675714671612,0.07755368947982788,8.56007682159543e-05,0.006562422029674053,0.7527424097061157,1.0042297840118408,0.9410421252250671,5.812850475311279,7.651246070861816,501.58514404296875,20.488664627075195,20.470643997192383,0.2837105691432953,0.3737667500972748,24.502655029296875,0.7239042520523071,0.909981369972229,1.0,1.0,1
0.06274509803921569,16.0,49402,988,990,988,5.767749309539795,3.2337794303894043,0.6652752757072449,0.6912463903427124,0.8443819284439087,0.0923769474029541,-1.2080035209655762,0.5768342018127441,0.9210982322692871,0.2325705736875534,1.7848377227783203,-0.17516426742076874,0.1745251566171646,0.15000610053539276,0.49491286277770996,0.34968942403793335,-0.28842592239379883,0.011297591961920261,0.16212916374206543,0.00033165537752211094,0.2997235059738159,0.7710394263267517,0.5726664066314697,0.5467320680618286,4.446547508239746,3.267063856124878,220.4281005859375,20.742809295654297,20.854238510131836,0.21436573565006256,0.15666186809539795,10.569942474365234,0.5974406599998474,0.6077259182929993,1.0,1.0,1
0.06274509803921569,16.0,49550,991,133,991,5.647993087768555,3.2563886642456055,0.6404460668563843,0.6762223839759827,0.8607640862464905,0.10455413162708282,-1.3598079681396484,0.7058320045471191,1.3192014694213867,0.09246249496936798,2.0656399726867676,-0.2722371518611908,0.23990772664546967,0.23314522206783295,0.4092830717563629,0.5121448636054993,-0.06469657272100449,0.00893987063318491,0.1307319700717926,0.00011060014367103577,0.07363644242286682,1.6523526906967163,1.2498369216918945,1.1328355073928833,9.827808380126953,7.475586414337158,480.3653259277344,20.16693115234375,19.97276496887207,0.48732295632362366,0.37428900599479675,24.05101776123047,0.9410360455513,0.963286817073822,0.9,1.0,1
0.06274509803921569,16.0,49584,991,302,991,5.684887409210205,3.2221875190734863,0.7253415584564209,0.753044068813324,0.7076183557510376,0.06406869739294052,-1.031726360321045,1.747172474861145,3.1595053672790527,0.33483946323394775,2.7788987159729004,-0.16945867240428925,0.5319125652313232,0.5143608450889587,0.7845137119293213,0.7013712525367737,-0.1610233336687088,0.021120084449648857,0.2888343930244446,0.0004356101853772998,0.1821434199810028,1.0983790159225464,0.640507161617279,0.602532148361206,5.378366470336914,3.12947940826416,207.8092498779297,19.95093536376953,20.545740127563477,0.26957967877388,0.15231767296791077,10.114468574523926,0.8046779632568359,0.6886121034622192,1.0,1.0,1
