eps,eps_pixel,attack_source,eval_model,is_white_box,total,clean_accuracy_eval_model,adv_accuracy_all,attack_success_all,adv_accuracy_on_clean_correct_eval_model,attack_success_on_clean_correct_eval_model,source_success_count,source_success_transfer_rate_all,source_success_transfer_rate_eval_clean_correct,toplogit_norm_margin_mean,toplogit_norm_margin_median,toplogit_norm_margin_p25,toplogit_norm_margin_p75
0.0,0.0,hira_ranpac_regression,hira_ranpac_regression,1,1000,0.732,0.732,0.268,1.0,0.0,0,nan,nan,0.21846085707804014,0.30804702639579773,-0.05131717398762703,0.5209562033414841
0.0,0.0,hira_ranpac_regression,original,0,1000,0.735,0.735,0.265,1.0,0.0,0,nan,nan,0.2086730496166274,0.2947865277528763,-0.030609574168920517,0.49910473078489304
0.0,0.0,original,hira_ranpac_regression,0,1000,0.732,0.732,0.268,1.0,0.0,0,nan,nan,0.21846085707804014,0.30804702639579773,-0.05131717398762703,0.5209562033414841
0.0,0.0,original,original,1,1000,0.735,0.735,0.265,1.0,0.0,0,nan,nan,0.2086730496166274,0.2947865277528763,-0.030609574168920517,0.49910473078489304
0.00392156862745098,1.0,hira_ranpac_regression,hira_ranpac_regression,1,1000,0.732,0.704,0.29600000000000004,0.9617486338797814,0.03825136612021862,28,1.0,1.0,0.18470380420261062,0.2713593542575836,-0.10262630507349968,0.5144945085048676
0.00392156862745098,1.0,hira_ranpac_regression,original,0,1000,0.735,0.701,0.29900000000000004,0.9537414965986395,0.04625850340136051,28,0.8928571428571429,0.875,0.1760243926292751,0.2593430131673813,-0.08183795399963856,0.4892193451523781
0.00392156862745098,1.0,original,hira_ranpac_regression,0,1000,0.732,0.699,0.30100000000000005,0.9549180327868853,0.04508196721311475,39,0.8717948717948718,0.8387096774193549,0.18054425224731677,0.26400263607501984,-0.11246489360928535,0.5121334940195084
0.00392156862745098,1.0,original,original,1,1000,0.735,0.696,0.30400000000000005,0.9469387755102041,0.05306122448979589,39,1.0,1.0,0.17143710426572942,0.2534598261117935,-0.09339757636189461,0.4870668724179268
0.00784313725490196,2.0,hira_ranpac_regression,hira_ranpac_regression,1,1000,0.732,0.669,0.33099999999999996,0.9139344262295082,0.08606557377049184,63,1.0,1.0,0.1473600059404853,0.2293667122721672,-0.16477202624082565,0.5010556131601334
0.00784313725490196,2.0,hira_ranpac_regression,original,0,1000,0.735,0.671,0.32899999999999996,0.9129251700680272,0.0870748299319728,63,0.8888888888888888,0.8813559322033898,0.14026977866329252,0.21529299020767212,-0.14851725846529007,0.47550061345100403
0.00784313725490196,2.0,original,hira_ranpac_regression,0,1000,0.732,0.657,0.34299999999999997,0.8975409836065574,0.10245901639344257,70,0.9571428571428572,0.9516129032258065,0.13906557658669044,0.21526362746953964,-0.18195582926273346,0.49316979944705963
0.00784313725490196,2.0,original,original,1,1000,0.735,0.665,0.33499999999999996,0.9047619047619048,0.09523809523809523,70,1.0,1.0,0.13099194355960936,0.1987612470984459,-0.16586356610059738,0.46735530346632004
0.01568627450980392,4.0,hira_ranpac_regression,hira_ranpac_regression,1,1000,0.732,0.582,0.41800000000000004,0.7950819672131147,0.20491803278688525,150,1.0,1.0,0.059626534108712805,0.12043945118784904,-0.2957001179456711,0.4526285156607628
0.01568627450980392,4.0,hira_ranpac_regression,original,0,1000,0.735,0.585,0.41500000000000004,0.7959183673469388,0.20408163265306123,150,0.9466666666666667,0.9448275862068966,0.05555294440491707,0.11760501936078072,-0.2872793525457382,0.4382081553339958
0.01568627450980392,4.0,original,hira_ranpac_regression,0,1000,0.732,0.559,0.44099999999999995,0.7636612021857924,0.23633879781420764,174,0.9770114942528736,0.9759036144578314,0.04333875269966666,0.09132174402475357,-0.31383100897073746,0.43881955742836
0.01568627450980392,4.0,original,original,1,1000,0.735,0.561,0.43899999999999995,0.763265306122449,0.23673469387755097,174,1.0,1.0,0.03729414471889686,0.0867648497223854,-0.2995118051767349,0.4226730614900589
0.03137254901960784,8.0,hira_ranpac_regression,hira_ranpac_regression,1,1000,0.732,0.388,0.612,0.5300546448087432,0.4699453551912568,344,1.0,1.0,-0.16646251985673371,-0.18230629712343216,-0.6108920872211456,0.3240742012858391
0.03137254901960784,8.0,hira_ranpac_regression,original,0,1000,0.735,0.393,0.607,0.5346938775510204,0.4653061224489796,344,0.9767441860465116,0.976401179941003,-0.16616444290737856,-0.16630486398935318,-0.5966427773237228,0.3049264922738075
0.03137254901960784,8.0,original,hira_ranpac_regression,0,1000,0.732,0.362,0.638,0.49453551912568305,0.505464480874317,375,0.9893333333333333,0.989100817438692,-0.18800592918135225,-0.22695524990558624,-0.6311879009008408,0.25675953924655914
0.03137254901960784,8.0,original,original,1,1000,0.735,0.36,0.64,0.4897959183673469,0.5102040816326531,375,1.0,1.0,-0.1911372501028236,-0.21262411773204803,-0.6212017983198166,0.2527090311050415
0.06274509803921569,16.0,hira_ranpac_regression,hira_ranpac_regression,1,1000,0.732,0.163,0.837,0.2226775956284153,0.7773224043715847,569,1.0,1.0,-0.7299872509799897,-0.8270346820354462,-1.2109359204769135,-0.37768155336380005
0.06274509803921569,16.0,hira_ranpac_regression,original,0,1000,0.735,0.162,0.838,0.22040816326530613,0.7795918367346939,569,0.9982425307557118,0.99822695035461,-0.7282485918500461,-0.8099449872970581,-1.2159831821918488,-0.35645511001348495
0.06274509803921569,16.0,original,hira_ranpac_regression,0,1000,0.732,0.149,0.851,0.20355191256830601,0.7964480874316939,586,0.9982935153583617,0.9982698961937716,-0.662999000959273,-0.7903995215892792,-1.0675288438796997,-0.4332260861992836
0.06274509803921569,16.0,original,original,1,1000,0.735,0.149,0.851,0.20272108843537415,0.7972789115646258,586,1.0,1.0,-0.6691132000222569,-0.7914639413356781,-1.0778929591178894,-0.41720470041036606
